КодКассира,ФИОКассира
1,Кассир1
2,Кассир2
3,Кассир3
4,Кассир4
5,Кассир5
6,Кассир6
7,Кассир7
8,Кассир8
9,Кассир9
10,Кассир10
11,Кассир11
12,Кассир12
13,Кассир13
14,Кассир14
15,Кассир15
16,Кассир16
17,Кассир17
18,Кассир18
19,Кассир19
20,Кассир20
21,Кассир21
22,Кассир22
23,Кассир23
24,Кассир24
25,Кассир25
26,Кассир26
27,Кассир27
28,Кассир28
29,Кассир29
30,Кассир30
31,Кассир31
32,Кассир32
33,Кассир33
34,Кассир34
35,Кассир35
36,Кассир36
37,Кассир37
38,Кассир38
39,Кассир39
40,Кассир40
